time,angle
0.0,1.89721847170578
0.016666666666666666,1.94297328558672
0.03333333333333333,1.9886680061197
0.05,2.0308243476536
0.06666666666666667,2.06812313107725
0.08333333333333333,2.10195032812545
0.1,2.13291732240339
0.11666666666666667,2.16213110087828
0.13333333333333333,2.18850010102279
0.15,2.20932438623515
0.16666666666666666,2.22184891908699
0.18333333333333332,2.22880260823896
0.2,2.23571929451147
0.21666666666666667,2.23989563425214
0.23333333333333334,2.24408706551857
0.25,2.26200763905881
0.26666666666666666,2.30630584862325
0.2833333333333333,2.36422728975646
0.3,2.41137593483894
0.31666666666666665,2.44238043773494
0.3333333333333333,2.4626146023769
0.35,2.46392114511233
0.36666666666666664,2.43674416967349
0.3833333333333333,2.39070605594015
0.4,2.34644799442606
0.4166666666666667,2.3072773786831
0.43333333333333335,2.26993565281321
0.45,2.24522668212347
0.4666666666666667,2.24163634918844
0.48333333333333334,2.25068801431317
0.5,2.25776431729223
0.5166666666666666,2.26081197195001
0.5333333333333333,2.26196057400742
0.55,2.25288143766815
0.5666666666666667,2.22870556035482
0.5833333333333334,2.19423263586195
0.6,2.15563620710928
0.6166666666666667,2.11146098147282
0.6333333333333333,2.06315937376499
0.65,2.02134533831849
0.6666666666666666,1.96304573533888
0.6833333333333333,1.91129228555869
0.7,1.94563622433061
0.7166666666666667,2.00229178361773
0.7333333333333333,2.14557564590141
0.75,2.64840274588203
0.7666666666666666,3.59653693735902
0.7833333333333333,4.90579678801259
0.8,6.59332097526065
0.8166666666666667,8.70394871337633
0.8333333333333334,11.192528563753
0.85,13.9342573710854
0.8666666666666667,16.967479073036
0.8833333333333333,20.240601291084
0.9,23.4968165732812
0.9166666666666666,26.6537462701662
0.9333333333333333,29.8036411534455
0.95,32.967631052988
0.9666666666666667,36.1462276748753
0.9833333333333333,39.355084660846
1.0,42.6407042041697
1.0166666666666666,46.0187075590446
1.0333333333333332,49.4684093511095
1.05,52.9825242248486
1.0666666666666667,56.6036689123653
1.0833333333333333,60.2847316497047
1.1,63.8885472965276
1.1166666666666667,67.4073239433702
1.1333333333333333,70.8481763643173
1.15,74.0967401172256
1.1666666666666667,77.1294534332903
1.1833333333333333,79.9672492044939
1.2,82.5591091204196
1.2166666666666666,84.8703592606046
1.2333333333333334,86.9306704092164
1.25,88.7836482871722
1.2666666666666666,90.4024320580839
1.2833333333333332,91.8123818608301
1.3,93.1361760151273
1.3166666666666667,94.38676595988
1.3333333333333333,95.5521001425567
1.35,96.7165276751528
1.3666666666666667,97.9081309681454
1.3833333333333333,99.0964238328649
1.4,100.277810287024
1.4166666666666667,101.47418809899
1.4333333333333333,102.664585442964
1.45,103.782011450223
1.4666666666666666,104.826472602266
1.4833333333333334,105.798598781033
1.5,106.630960114884
1.5166666666666666,107.311831441754
1.5333333333333332,107.851721332634
1.55,108.21604768517
1.5666666666666667,108.385533153083
1.5833333333333333,108.380002335241
1.6,108.223386964888
1.6166666666666667,107.909438732396
1.6333333333333333,107.443608494197
1.65,106.867306515438
1.6666666666666667,106.216437132998
1.6833333333333333,105.455372408247
1.7,104.518030307322
1.7166666666666666,103.33220872397
1.7333333333333334,101.968780899927
1.75,100.574858039617
1.7666666666666666,99.1638107619176
1.7833333333333332,97.7189055587827
1.8,96.3442442100198
1.8166666666666667,95.065227610937
1.8333333333333333,93.8598677925379
1.8499999999999999,92.7642167733559
1.8666666666666667,91.8074631792137
1.8833333333333333,90.9630145990731
1.9,90.1804225576239
1.9166666666666667,89.4581127012822
1.9333333333333333,88.7931514109642
1.95,88.1328373816047
1.9666666666666666,87.4683123897754
1.9833333333333334,86.8105288714197
2.0,86.1384857610006
2.0166666666666666,85.4534578241219
2.033333333333333,84.7554322915178
2.05,84.0221363730318
2.0666666666666664,83.2576267984322
2.0833333333333335,82.4617769203743
2.1,81.6045530058582
2.1166666666666667,80.6691372349795
2.1333333333333333,79.6706663563005
2.15,78.624076640176
2.1666666666666665,77.5260203229959
2.183333333333333,76.3769490956591
2.2,75.1987317721594
2.216666666666667,73.9840987540964
2.2333333333333334,72.7425602332636
2.25,71.5223727789158
2.2666666666666666,70.3245248203718
2.283333333333333,69.148459075485
2.3,68.0379963153914
2.3166666666666664,66.9928845587114
2.3333333333333335,66.0108614536381
2.35,65.1317199685617
2.3666666666666667,64.3778769584415
2.3833333333333333,63.7257210901765
2.4,63.1468193204509
2.4166666666666665,62.6495989014041
2.433333333333333,62.2257914680847
2.45,61.822216525354
2.466666666666667,61.4456103786843
2.4833333333333334,61.0895603907092
2.5,60.6802501457311
2.5166666666666666,60.1775492415847
2.533333333333333,59.6215585527392
2.55,59.0570031320323
2.5666666666666664,58.5030077656658
2.5833333333333335,57.9398257285448
2.6,57.3527109058074
2.6166666666666667,56.7114427209234
2.6333333333333333,56.0474357316698
2.65,55.4373190458
2.6666666666666665,54.924767991068
2.683333333333333,54.4655242320647
2.7,54.0032556053533
2.716666666666667,53.514101009931
2.7333333333333334,53.021586256624
2.75,52.5403055036329
2.7666666666666666,52.0924399135563
2.783333333333333,51.6559260923544
2.8,51.1790374452947
2.8166666666666664,50.6303462712741
2.8333333333333335,50.041355255101
2.85,49.4545376613412
2.8666666666666667,48.8966003588851
2.8833333333333333,48.3406879853393
2.9,47.7492960094692
2.9166666666666665,47.0796270925245
2.933333333333333,46.3756779151794
2.95,45.728821291134
2.966666666666667,45.1874916686326
2.9833333333333334,44.7011014065997
3.0,44.2111081643754
3.0166666666666666,43.6878489106611
3.033333333333333,43.1625782449319
3.05,42.6674758059514
3.0666666666666664,42.2221584588248
3.0833333333333335,41.806380118449
3.1,41.3913766569044
3.1166666666666667,40.9820689390403
3.1333333333333333,40.5743649364282
3.15,40.1255679775283
3.1666666666666665,39.6592005924028
3.183333333333333,39.1496479624617
3.2,38.4822757737508
3.216666666666667,37.6423377461285
3.2333333333333334,36.6506902913958
3.25,35.4502706340403
3.2666666666666666,34.0125502647493
3.283333333333333,32.3782689189618
3.3,30.5930846184791
3.3166666666666664,28.6494878502747
3.3333333333333335,26.5657859181267
3.35,24.408934874313
3.3666666666666667,22.1040534428435
3.3833333333333333,19.7044433091216
3.4,17.4641042920695
3.4166666666666665,15.4701482511109
3.433333333333333,13.6346218029137
3.4499999999999997,11.955564204103
3.466666666666667,10.3979891494312
3.4833333333333334,8.99519630490876
3.5,7.84698912779988
3.5166666666666666,7.02971929983512
3.533333333333333,6.46166192228223
3.55,6.00667852456389
3.5666666666666664,5.60699679446374
3.5833333333333335,5.32446764648191
3.6,5.20165166096011
3.6166666666666667,5.23255324950851
3.6333333333333333,5.42050355743978
3.65,5.81962488527572
3.6666666666666665,6.49674888370925
3.683333333333333,7.38652121763293
3.6999999999999997,8.34398947253409
3.716666666666667,9.35154252261697
3.7333333333333334,10.4274331048056
3.75,11.4773453275963
3.7666666666666666,12.5000812752852
3.783333333333333,13.4935640218287
3.8,14.3621819983025
3.8166666666666664,15.0733047218138
3.8333333333333335,15.6593588869973
3.85,16.1266437496272
3.8666666666666667,16.4826893703293
3.8833333333333333,16.7223104504736
3.9,16.8339482694044
3.9166666666666665,16.7731431062154
3.933333333333333,16.5823148127959
3.9499999999999997,16.3807479951873
3.966666666666667,16.2094533461375
3.9833333333333334,16.0270590859722
4.0,15.8301289242839
4.016666666666667,15.6052099521016
4.033333333333333,15.365110940733
4.05,15.1463526891856
4.066666666666666,14.967240340374
4.083333333333333,14.8105721458189
4.1,14.6598487528312
4.116666666666666,14.5188143625803
4.133333333333333,14.3837709296071
4.15,14.2266365579216
4.166666666666667,14.0355365284403
4.183333333333334,13.8224882677444
4.2,13.5951820354232
4.216666666666667,13.3649905607282
4.233333333333333,13.1206220787106
4.25,12.8357113415345
4.266666666666667,12.4898339329248
4.283333333333333,12.1034858900233
4.3,11.7114470877853
4.316666666666666,11.3075182029166
4.333333333333333,10.8973584389093
4.35,10.5335643213476
4.366666666666666,10.2442264961824
4.383333333333333,10.0014206484668
4.4,9.7739665676651
4.416666666666667,9.54730262156387
4.433333333333334,9.33618447746365
4.45,9.15341706489229
4.466666666666667,9.00476566571175
4.483333333333333,8.88465043450032
4.5,8.78875423510024
4.516666666666667,8.72032416289091
4.533333333333333,8.67609164800375
4.55,8.64196290176853
4.566666666666666,8.61679421638818
4.583333333333333,8.60175528662916
4.6,8.58622881944562
4.616666666666666,8.56462348005923
4.633333333333333,8.54255469090695
4.65,8.52620028464906
4.666666666666667,8.51836702804224
4.683333333333334,8.5162304869875
4.7,8.51752162053146
4.716666666666667,8.52508755722806
4.733333333333333,8.53610335752093
4.75,8.53979394603453
4.766666666666667,8.53388686052876
4.783333333333333,8.5206410010277
4.8,8.49606561832263
4.816666666666666,8.45539537284592
4.833333333333333,8.40339162782938
4.85,8.35035344778682
4.866666666666666,8.29758626998729
4.883333333333333,8.24378012505679
4.9,8.19531679324017
4.916666666666667,8.15627006936242
4.933333333333334,8.1225866638541
4.95,8.08844528772414
4.966666666666667,8.05195501835811
4.983333333333333,8.01498569278952
5.0,7.9773462307238
5.016666666666667,7.94075224434551
5.033333333333333,7.90349741152421
5.05,7.86025712840835
5.066666666666666,7.80858613404507
5.083333333333333,7.75093452013365
5.1,7.68930904025184
5.116666666666666,7.62085211088709
5.133333333333333,7.54841216229861
5.15,7.48254261257254
5.166666666666667,7.42494846942092
5.183333333333334,7.37391347640746
5.2,7.33486879373189
5.216666666666667,7.31321513084627
5.233333333333333,7.30356795934686
5.25,7.29518057236745
5.266666666666667,7.28333000888293
5.283333333333333,7.27274031633435
5.3,7.26682099896983
5.316666666666666,7.26929868352044
5.333333333333333,7.27645815084777
5.35,7.28052488606221
5.366666666666666,7.27816940543307
5.383333333333333,7.27270824831604
5.4,7.26632197688908
5.416666666666667,7.26074332309666
5.433333333333334,7.25421666931518
5.45,7.24370984939594
5.466666666666667,7.22594877765568
5.483333333333333,7.20422739965446
5.5,7.18538985627735
5.516666666666667,7.17207068715047
5.533333333333333,7.16163965014199
5.55,7.15303828966368
5.566666666666666,7.14743394133073
5.583333333333333,7.14365815499909
5.6,7.13714945788548
5.616666666666666,7.12615627285642
5.633333333333333,7.11242754988136
5.65,7.09665576239895
5.666666666666667,7.07855396896318
5.683333333333334,7.05840737996413
5.7,7.03776851200421
5.716666666666667,7.01586981365699
5.733333333333333,6.99347364316557
5.75,6.97443048141052
5.766666666666667,6.96045070974399
5.783333333333333,6.9498292586339
5.8,6.94129799633361
5.816666666666666,6.93738880976884
5.833333333333333,6.9355742546578
5.85,6.92699390964228
5.866666666666666,6.90627772489459
5.883333333333333,6.87879151117356
5.9,6.85177049648868
5.916666666666667,6.83174083229774
5.933333333333334,6.81215777352045
5.95,6.78065629803048
5.966666666666667,6.73161078260151
5.983333333333333,6.67070523583911
6.0,6.60250045920095
6.016666666666667,6.52981710401209
6.033333333333333,6.44976123636503
6.05,6.35826761473559
6.066666666666666,6.25439155490244
6.083333333333333,6.13903006783245
6.1,6.01091921559547
6.116666666666666,5.87520094752016
6.133333333333333,5.72677433154251
6.15,5.54899650211595
6.166666666666667,5.33866121416543
6.183333333333334,5.09886590497128
6.2,4.82233811594929
6.216666666666667,4.49907468788036
6.233333333333333,4.13890812012939
6.25,3.76414982897952
6.266666666666667,3.35057185330735
6.283333333333333,2.92171870152462
6.3,2.5714920436147
6.316666666666666,2.25137023752452
6.333333333333333,2.00931736988317
6.35,2.08683002723833
6.366666666666666,2.48732228613871
6.383333333333333,3.21328912917005
6.4,4.50703570180167
6.416666666666667,6.58102907179964
6.433333333333334,9.23032841632554
6.45,12.0517018904392
6.466666666666667,14.9157976039325
6.483333333333333,17.9135474092648
6.5,20.9779775540741
6.516666666666667,24.1240969134737
6.533333333333333,27.3630823270399
6.55,30.6517173989595
6.566666666666666,34.0141185536732
6.583333333333333,37.4399035075761
6.6,40.8340860785068
6.616666666666666,44.1907049492353
6.633333333333333,47.5115918621093
6.6499999999999995,50.7162669469849
6.666666666666667,53.777324527657
6.683333333333334,56.7177696407347
6.7,59.5319119846282
6.716666666666667,62.2061465033917
6.733333333333333,64.7450872886119
6.75,67.1658768987095
6.766666666666667,69.4801618422602
6.783333333333333,71.6640551079245
6.8,73.6839656365815
6.816666666666666,75.5141102965379
6.833333333333333,77.1800372934592
6.85,78.7320874465714
6.866666666666666,80.1945127364482
6.883333333333333,81.5493191314636
6.8999999999999995,82.7804088340241
6.916666666666667,83.8527115650937
6.933333333333334,84.7950882610768
6.95,85.6849409977333
6.966666666666667,86.5408979512817
6.983333333333333,87.3458332193652
7.0,88.1249574673418
7.016666666666667,88.8720573418514
7.033333333333333,89.5931416420423
7.05,90.3314133069173
7.066666666666666,91.0950353577725
7.083333333333333,91.8760762711169
7.1,92.6935102023539
7.116666666666666,93.5609373686057
7.133333333333333,94.4645751543425
7.1499999999999995,95.3821007955603
7.166666666666667,96.3263724621607
7.183333333333334,97.2841573271356
7.2,98.194335693939
7.216666666666667,99.0554393482302
7.233333333333333,99.8696005909949
7.25,100.580769639814
7.266666666666667,101.173740367253
7.283333333333333,101.663095830242
7.3,102.037487441373
7.316666666666666,102.2678295233
7.333333333333333,102.383850983135
7.35,102.462555779617
7.366666666666666,102.520750566178
7.383333333333333,102.541570748403
7.3999999999999995,102.55148981467
7.416666666666667,102.5518181641
7.433333333333334,102.541280879603
7.45,102.542447818045
7.466666666666667,102.564197711425
7.483333333333333,102.597701905449
7.5,102.638837715999
7.516666666666667,102.686143265069
7.533333333333333,102.74101190661
7.55,102.803497456226
7.566666666666666,102.881510456273
7.583333333333333,102.967117465621
7.6,103.036621714784
7.616666666666666,103.078049423559
7.633333333333333,103.103414613311
7.6499999999999995,103.125015481683
7.666666666666667,103.148018640567
7.683333333333334,103.167263933203
7.7,103.179549361732
7.716666666666667,103.209586145156
7.733333333333333,103.232676015537
7.75,103.171583571502
7.766666666666667,103.048277545185
7.783333333333333,102.841180961686
7.8,102.407769304064
7.816666666666666,101.715491491393
7.833333333333333,100.795660585066
7.85,99.6005559443837
7.866666666666666,98.0759677241862
7.883333333333333,96.2714321942017
7.8999999999999995,94.2957339394684
7.916666666666667,92.1540789908856
7.933333333333334,89.8399150302913
7.95,87.4502658762231
7.966666666666667,84.9820049997808
7.983333333333333,82.4498940704335
8.0,79.9787879114003
8.016666666666666,77.6253392429832
8.033333333333333,75.3348640596079
8.05,73.0589541106321
8.066666666666666,70.7761480498579
8.083333333333334,68.5068645426395
8.1,66.2608790584771
8.116666666666667,64.0324411715065
8.133333333333333,61.8182278741654
8.15,59.6343736721245
8.166666666666666,57.5314691440633
8.183333333333334,55.4640206747629
8.2,53.3107327859767
8.216666666666667,50.9874364310728
8.233333333333333,48.585750913492
8.25,46.2417114067991
8.266666666666666,44.0045857544467
8.283333333333333,41.813753932226
8.3,39.6393110541875
8.316666666666666,37.4514817334347
8.333333333333334,35.2866135418708
8.35,33.2159686241604
8.366666666666667,31.2631857169535
8.383333333333333,29.3996730355811
8.4,27.6159897537683
8.416666666666666,25.9296193076851
8.433333333333334,24.3224519943596
8.45,22.7331764123647
8.466666666666667,21.1525046128492
8.483333333333333,19.5889039753795
8.5,18.0100933854235
8.516666666666666,16.3801589845346
8.533333333333333,14.7360061319736
8.55,13.1544967649766
8.566666666666666,11.6574521378766
8.583333333333334,10.2196754836542
8.6,8.84831798939346
8.616666666666667,7.5011694674114
8.633333333333333,6.21988228474997
8.65,5.137142246371
8.666666666666666,4.3192975904801
8.683333333333334,3.69933507575063
8.7,3.21129029238699
8.716666666666667,2.8482485610644
8.733333333333333,2.61996841550614
8.75,2.48496221579836
8.766666666666666,2.45852734835175
8.783333333333333,2.5243869592409
8.8,2.59316495636966
8.816666666666666,2.64052172940804
8.833333333333334,2.69095164819307
8.85,2.72862966651902
8.866666666666667,2.73508610620588
8.883333333333333,2.72881721306819
8.9,2.74945984214966
8.916666666666666,2.81141914822254
8.933333333333334,2.90034470594513
8.95,3.01293142155189
8.966666666666667,3.16930975759923
8.983333333333333,3.34947451900462
9.0,3.49015692126959
9.016666666666666,3.55392127664848
9.033333333333333,3.57826860841828
9.05,3.61250794865144
9.066666666666666,3.67008811961776
9.083333333333334,3.73749917810401
9.1,3.82376142823381
9.116666666666667,3.90981087735991
9.133333333333333,4.01483601630638
9.15,4.20546204119052
9.166666666666666,4.4092812206945
9.183333333333334,4.69902013991172
9.2,5.35981445177466
9.216666666666667,6.49829887824764
9.233333333333333,8.00949994443402
9.25,9.85770002690125
9.266666666666666,12.0924658405622
9.283333333333333,14.6521978121978
9.3,17.3356355255541
9.316666666666666,20.1159035705946
9.333333333333334,23.0221443450195
9.35,25.9489087479838
9.366666666666667,28.8906666165545
9.383333333333333,31.872236816957
9.4,34.832769113715
9.416666666666666,37.7543447324748
9.433333333333334,40.6547048566394
9.45,43.5204172800498
9.466666666666667,46.3541692858334
9.483333333333333,49.154672387665
9.5,51.9029243065001
9.516666666666666,54.5830035771004
9.533333333333333,57.2057214429739
9.55,59.7919486413468
9.566666666666666,62.3626669789645
9.583333333333334,64.8928387494125
9.6,67.3370386414698
9.616666666666667,69.6717386552189
9.633333333333333,71.9206273246706
9.65,74.1121522221201
9.666666666666666,76.2754996718245
9.683333333333334,78.385146169745
9.7,80.3834698637709
9.716666666666667,82.2290611556514
9.733333333333333,83.956690647909
9.75,85.6189318497266
9.766666666666666,87.2376726215137
9.783333333333333,88.7870853608911
9.8,90.2491802850353
9.816666666666666,91.5993066387431
9.833333333333334,92.8614900195129
9.85,94.0929408878664
9.866666666666667,95.3222965394396
9.883333333333333,96.523324672439
9.9,97.669994775219
9.916666666666666,98.743162955113
9.933333333333334,99.760185128356
9.95,100.748493090843
9.966666666666667,101.730682406679
9.983333333333333,102.683999850034
10.0,103.568163693104
10.016666666666666,104.369688328785
10.033333333333333,105.102023544556
10.05,105.765599069789
10.066666666666666,106.360543725703
10.083333333333334,106.88730080834
10.1,107.346666232474
10.116666666666667,107.738034688259
10.133333333333333,108.061837148989
10.15,108.320184201527
10.166666666666666,108.510448482179
10.183333333333334,108.63533791015
10.2,108.705018815713
10.216666666666667,108.711215779585
10.233333333333333,108.662321057288
10.25,108.593453138813
10.266666666666666,108.518467776866
10.283333333333333,108.423551896303
10.3,108.302289554307
10.316666666666666,108.133948056836
10.333333333333334,107.939184591805
10.35,107.773612979682
10.366666666666667,107.65128195556
10.383333333333333,107.558053934459
10.4,107.507394453623
10.416666666666666,107.520324567142
10.433333333333334,107.575948463257
10.45,107.624900355218
10.466666666666667,107.660227832441
10.483333333333333,107.688838575646
10.5,107.682173323617
10.516666666666666,107.632636139985
10.533333333333333,107.547985421988
10.55,107.422610918518
10.566666666666666,107.249894486889
10.583333333333334,107.036305090273
10.6,106.795708970885
10.616666666666667,106.549912745164
10.633333333333333,106.276939085452
10.65,105.925060007193
10.666666666666666,105.520648786429
10.683333333333334,105.037595797714
10.7,104.345189963982
10.716666666666667,103.434473429624
10.733333333333333,102.313386587531
10.75,100.875664785256
10.766666666666666,99.0759019052384
10.783333333333333,96.9579681076594
10.8,94.5488679839851
10.816666666666666,91.8161725343063
10.833333333333334,88.7925831952662
10.85,85.6057171656143
10.866666666666667,82.2613092355478
10.883333333333333,78.7669249569356
10.9,75.2493825999783
10.916666666666666,71.7173778659103
10.933333333333334,68.1588313894542
10.95,64.668731800507
10.966666666666667,61.2169383885838
10.983333333333333,57.8454084811946
11.0,54.7447943723644
11.016666666666666,52.0394269231302
11.033333333333333,49.5775448264352
11.05,47.132607638217
11.066666666666666,44.5886242653542
11.083333333333334,42.0835400318777
11.1,39.7599898089542
11.116666666666667,37.7083961384722
11.133333333333333,35.8132483520562
11.15,33.8972874576957
11.166666666666666,31.8487682410314
11.183333333333334,29.7981255245507
11.2,27.9253089367424
11.216666666666667,26.3099314098097
11.233333333333333,24.8557739456908
11.25,23.4684110020641
11.266666666666666,22.0918799091937
11.283333333333333,20.7857420547325
11.3,19.6289538878178
11.316666666666666,18.7116157971069
11.333333333333334,17.937842246153
11.35,17.1064697734131
11.366666666666667,16.1449833198666
11.383333333333333,15.13097342723
11.4,14.0875883170877
11.416666666666666,13.0218850382476
11.433333333333334,11.9244045769718
11.45,10.7909130168045
11.466666666666667,9.53952471635286
11.483333333333333,8.25100235766815
11.5,7.16548440173736
11.516666666666666,6.41795979090864
11.533333333333333,5.87269177284869
11.55,5.36533469239294
11.566666666666666,4.82980374151946
11.583333333333334,4.33446120549583
11.6,3.91487757758342
11.616666666666667,3.65321516203286
11.633333333333333,3.46626439491698
11.65,3.13898307485035
11.666666666666666,2.54219178938884
11.683333333333334,1.80161699695895
11.7,1.08512131024609
11.716666666666667,0.422846169497961
11.733333333333333,-0.214758538822993
11.75,-0.746086722699003
11.766666666666666,-1.15413806041426
11.783333333333333,-1.45381416820253
11.8,-1.6100098182681
11.816666666666666,-1.60253749836248
11.833333333333334,-1.4505512081469
11.85,-1.17813866356849
11.866666666666667,-0.753819454086295
11.883333333333333,-0.210821357846388
11.9,0.331107741492029
11.916666666666666,0.751540939326406
11.933333333333334,1.17228307222386
11.95,1.83787300725988
11.966666666666667,2.85497907085492
11.983333333333333,4.116988105191
12.0,5.54599205993274
12.016666666666666,7.18425641833874
12.033333333333333,8.98272146829995
12.05,10.7283681843641
12.066666666666666,12.3306668412039
12.083333333333334,13.8835860465742
12.1,15.4584442550666
12.116666666666667,17.0450887739974
12.133333333333333,18.6611353155718
12.15,20.4185939982537
12.166666666666666,22.3471483573783
12.183333333333334,24.4147905478927
12.2,26.640227374799
12.216666666666667,29.0227502189335
12.233333333333333,31.5663181546128
12.25,34.3002949339781
12.266666666666666,37.2963302507817
12.283333333333333,40.4926839476547
12.3,43.7187844727718
12.316666666666666,46.9286760992375
12.333333333333334,50.1768544517827
12.35,53.4408291305737
12.366666666666667,56.7357745718257
12.383333333333333,60.0521525533372
12.4,63.3223220090203
12.416666666666666,66.5421633149034
12.433333333333334,69.7041144226973
12.45,72.7325246105718
12.466666666666667,75.621335839143
12.483333333333333,78.3735845829336
12.5,80.9254788669282
12.516666666666666,83.2353496030814
12.533333333333333,85.3341000488794
12.55,87.2634867205569
12.566666666666666,89.0192202936379
12.583333333333334,90.600465153201
12.6,92.0554403221331
12.616666666666667,93.380590767481
12.633333333333333,94.5788871797547
12.65,95.7109751187547
12.666666666666666,96.7924310085116
12.683333333333334,97.81103813632
12.7,98.7857460298742
12.716666666666667,99.7227320999513
12.733333333333333,100.615663152783
12.75,101.463399241533
12.766666666666666,102.279575484816
12.783333333333333,103.050517259534
12.8,103.7340414158
12.816666666666666,104.325737525433
12.833333333333334,104.83008826131
12.85,105.218145641687
12.866666666666667,105.458018798784
12.883333333333333,105.58145503198
12.9,105.654864943264
12.916666666666666,105.694542161642
12.933333333333334,105.68413075404
12.95,105.641044619527
12.966666666666667,105.55480676969
12.983333333333333,105.436135642881
13.0,105.333886226676
13.016666666666666,105.264796340803
13.033333333333333,105.211931105166
13.049999999999999,105.173226199823
13.066666666666666,105.146013109291
13.083333333333334,105.132975620164
13.1,105.139882004206
13.116666666666667,105.177508282557
13.133333333333333,105.235092323216
13.15,105.285926056546
13.166666666666666,105.326654257699
13.183333333333334,105.360583963413
13.2,105.37089995574
13.216666666666667,105.346298129087
13.233333333333333,105.298104797634
13.25,105.243420698138
13.266666666666666,105.180769725372
13.283333333333333,105.111597817499
13.299999999999999,105.057401364565
13.316666666666666,105.028001892511
13.333333333333334,105.013631343139
13.35,105.006369011262
13.366666666666667,105.004604597853
13.383333333333333,105.009880107457
13.4,105.018967610879
13.416666666666666,105.0294170099
13.433333333333334,105.043680988134
13.45,105.065898267732
13.466666666666667,105.112271225417
13.483333333333333,105.16661469165
13.5,105.184494370305
13.516666666666666,105.179462430477
13.533333333333333,105.138012942917
13.549999999999999,104.975154328588
13.566666666666666,104.679941266645
13.583333333333334,104.26348579148
13.6,103.673851739504
13.616666666666667,102.897761849904
13.633333333333333,101.948206149635
13.65,100.813053915506
13.666666666666666,99.5122052750853
13.683333333333334,98.0282724747732
13.7,96.2917334518116
13.716666666666667,94.2775799296714
13.733333333333333,92.0066307293065
13.75,89.4802876069117
13.766666666666666,86.6994900307926
13.783333333333333,83.6773175798737
13.799999999999999,80.4331068512825
13.816666666666666,76.8990991808369
13.833333333333334,73.1453846702867
13.85,69.3918235914331
13.866666666666667,65.6679186579509
13.883333333333333,61.9440092238992
13.9,58.3494838383139
13.916666666666666,54.9249789885791
13.933333333333334,51.6268482872677
13.95,48.4567719974244
13.966666666666667,45.4158635465649
13.983333333333333,42.4958629601627
14.0,39.6850212616713
14.016666666666666,36.987512616232
14.033333333333333,34.3976526179153
14.049999999999999,31.8904904649094
14.066666666666666,29.4411696419424
14.083333333333334,27.0729748502609
14.1,24.8340483505911
14.116666666666667,22.7284396072581
14.133333333333333,20.7516896044228
14.15,18.9395114565412
14.166666666666666,17.3065899932261
14.183333333333334,15.8366680535898
14.2,14.5191234410769
14.216666666666667,13.4326303463656
14.233333333333333,12.4952647064508
14.25,11.4582374474957
14.266666666666666,10.1840807100926
14.283333333333333,8.81508793478833
14.299999999999999,7.52135962856975
14.316666666666666,6.35903261491787
14.333333333333334,5.26839398246101
14.35,4.24253100622424
14.366666666666667,3.24455099085182
14.383333333333333,2.30874391282995
14.4,1.5372904597855
14.416666666666666,1.02368106724521
14.433333333333334,0.67671400944246
14.45,0.322796264391744
14.466666666666667,-0.0797308187533853
14.483333333333333,-0.491202699740423
14.5,-0.963337099337533
14.516666666666666,-1.54499823971375
14.533333333333333,-2.18692896745595
14.549999999999999,-2.79283717894842
14.566666666666666,-3.35787332757676
14.583333333333334,-3.88738132131597
14.6,-4.29927620818102
14.616666666666667,-4.54638237101174
14.633333333333333,-4.67391071750667
14.65,-4.73750010016169
14.666666666666666,-4.7481774366033
14.683333333333334,-4.69461226594745
14.7,-4.59916504155597
14.716666666666667,-4.46080380201858
14.733333333333333,-4.28045255617692
14.75,-4.08339446070135
14.766666666666666,-3.88849899689299
14.783333333333333,-3.67703545542271
14.799999999999999,-3.41796136897978
14.816666666666666,-3.11455733178805
14.833333333333334,-2.76331189967654
14.85,-2.32327728876815
14.866666666666667,-1.79959764839746
14.883333333333333,-1.18802964217576
14.9,-0.433978489248212
14.916666666666666,0.487771122130802
14.933333333333334,1.55081712808745
14.95,2.73284985377952
14.966666666666667,4.04836320607379
14.983333333333333,5.48322135338426
15.0,6.9719880423683
15.016666666666666,8.50010595251798
15.033333333333333,10.0804695160214
15.049999999999999,11.6895519666881
15.066666666666666,13.3047823539034
15.083333333333334,14.9517457063217
15.1,16.6802449719163
15.116666666666667,18.487020011178
15.133333333333333,20.3766244185001
15.15,22.4097725318992
15.166666666666666,24.6141405042394
15.183333333333334,26.9637714709882
15.2,29.4395703627812
15.216666666666667,32.0628494446288
15.233333333333333,34.8162085341869
15.25,37.6233495937086
15.266666666666666,40.465407087712
15.283333333333333,43.3684224208206
15.299999999999999,46.3238637246647
15.316666666666666,49.3533299583845
15.333333333333334,52.4417971242408
15.35,55.5202896268698
15.366666666666667,58.5727341547728
15.383333333333333,61.6094451749732
15.4,64.5986164755967
15.416666666666666,67.5505088286907
15.433333333333334,70.4532765517111
15.45,73.2420404798061
15.466666666666667,75.8954820140249
15.483333333333333,78.4303367604003
15.5,80.8386787270838
15.516666666666666,83.1300677936749
15.533333333333333,85.294151026383
15.549999999999999,87.2885615525745
15.566666666666666,89.0643919998788
15.583333333333334,90.6614717774019
15.6,92.1698867003326
15.616666666666667,93.6168434350449
15.633333333333333,94.9767482162806
15.65,96.2625771941994
15.666666666666666,97.4687763107566
15.683333333333334,98.6013106460662
15.7,99.6904766790473
15.716666666666667,100.767657829399
15.733333333333333,101.803617978784
15.75,102.73554819294
15.766666666666666,103.540578097251
15.783333333333333,104.238782644575
15.799999999999999,104.830675562007
15.816666666666666,105.320030484005
15.833333333333334,105.704097971464
15.85,105.973814027245
15.866666666666667,106.097480606232
15.883333333333333,106.106280677727
15.9,106.085046064748
15.916666666666666,106.055467510879
15.933333333333334,105.995819707105
15.95,105.925807080679
15.966666666666667,105.845587910607
15.983333333333333,105.755064308992
16.0,105.673486195785
16.016666666666666,105.604728210762
16.03333333333333,105.544843772997
16.05,105.501306753029
16.066666666666666,105.481677051119
16.083333333333332,105.478410825217
16.1,105.476337641181
16.116666666666667,105.468733092241
16.133333333333333,105.462337196935
16.15,105.462167707737
16.166666666666668,105.47467983586
16.183333333333334,105.493413852543
16.2,105.50401779846
16.216666666666665,105.502312423129
16.233333333333334,105.492563647397
16.25,105.473016797636
16.266666666666666,105.443401996245
16.28333333333333,105.403885902297
16.3,105.353315370068
16.316666666666666,105.290236751797
16.333333333333332,105.21617870259
16.35,105.134419735627
16.366666666666667,105.049606417121
16.383333333333333,104.956966774329
16.4,104.845603758359
16.416666666666668,104.712767192007
16.433333333333334,104.561231058156
16.45,104.388410351647
16.466666666666665,104.206181563521
16.483333333333334,104.002651846243
16.5,103.73956328321
16.516666666666666,103.415999548771
16.53333333333333,103.032925756604
16.55,102.554830441909
16.566666666666666,102.020992363087
16.583333333333332,101.391831360392
16.6,100.514061269582
16.616666666666667,99.3348504815835
16.633333333333333,97.9108608709157
16.65,96.2515607376135
16.666666666666668,94.3433838720585
16.683333333333334,92.1981918460807
16.7,89.8610782396391
16.716666666666665,87.3122102182128
16.733333333333334,84.573046906094
16.75,81.7531638532144
16.766666666666666,78.8700058889292
16.78333333333333,75.9125343200247
16.8,72.9473852719512
16.816666666666666,69.9882697046457
16.833333333333332,67.0231328777684
16.85,64.0787946534272
16.866666666666667,61.1137371460921
16.883333333333333,58.172446048009
16.9,55.4018296806566
16.916666666666668,52.919818680949
16.933333333333334,50.5923484003723
16.95,48.187994395039
16.966666666666665,45.5827142728124
16.983333333333334,42.9134749206232
17.0,40.3352385138674
17.016666666666666,37.942194894972
17.03333333333333,35.6258603732201
17.05,33.2336482323243
17.066666666666666,30.6361230422136
17.083333333333332,27.9812081183757
17.1,25.5235787561566
17.116666666666667,23.3829680649565
17.133333333333333,21.4218194744659
17.15,19.4984838569195
17.166666666666668,17.5219802760405
17.183333333333334,15.5887330739972
17.2,13.8381957519431
17.216666666666665,12.3750494522855
17.233333333333334,11.0905997772052
17.25,9.80195670595938
17.266666666666666,8.40205873086997
17.28333333333333,7.00162813773604
17.3,5.74138914741315
17.316666666666666,4.69108599866551
17.333333333333332,3.77514291246492
17.35,2.91366653070685
17.366666666666667,2.06565323119223
17.383333333333333,1.2730084794142
17.4,0.581532108164755
17.416666666666668,0.0266001961616032
17.433333333333334,-0.42645931048426
17.45,-0.836667006257823
17.466666666666665,-1.23884545552167
17.483333333333334,-1.59658799530919
17.5,-1.86305085204392
17.516666666666666,-1.98856148003769
17.53333333333333,-2.02380161093136
17.55,-2.07334561343835
17.566666666666666,-2.19838725392124
17.583333333333332,-2.33750854890587
17.6,-2.41140422808178
17.616666666666667,-2.38328296734098
17.633333333333333,-2.2896815777641
17.65,-2.16157945768466
17.666666666666668,-2.00964098121449
17.683333333333334,-1.82340703246072
17.7,-1.60240328089134
17.716666666666665,-1.33765476372302
17.733333333333334,-1.03794800916854
17.75,-0.729353956118589
17.766666666666666,-0.431873825049919
17.78333333333333,-0.125473363494421
17.8,0.223826415399292
17.816666666666666,0.589142687119559
17.833333333333332,0.997669374328105
17.85,1.56439252405763
17.866666666666667,2.30405004836637
17.883333333333333,3.20160104194699
17.9,4.32605046750496
17.916666666666668,5.75131615379269
17.933333333333334,7.39891209401627
17.95,9.10925896312422
17.966666666666665,10.8403209674786
17.983333333333334,12.6317559870863
18.0,14.4530294116102
18.016666666666666,16.2889481718053
18.03333333333333,18.1630361550634
18.05,20.104828688805
18.066666666666666,22.1117188499265
18.083333333333332,24.1871054535764
18.1,26.3681742452742
18.116666666666667,28.6684653268586
18.133333333333333,31.0785410859095
18.15,33.6014335084405
18.166666666666668,36.2405600110183
18.183333333333334,38.9959708877682
18.2,41.8676976683731
18.216666666666665,44.9010371548501
18.233333333333334,48.0647106225818
18.25,51.2394460262671
18.266666666666666,54.3925452292433
18.28333333333333,57.5512082492661
18.3,60.6814337000401
18.316666666666666,63.7897726976474
18.333333333333332,66.8739811074399
18.35,69.8821982357082
18.366666666666667,72.8002781564571
18.383333333333333,75.6253276918389
18.4,78.3179986821286
18.416666666666668,80.860437931753
18.433333333333334,83.2645708719758
18.45,85.541549256759
18.466666666666665,87.7010499413608
18.483333333333334,89.734692341069
18.5,91.6271703030056
18.516666666666666,93.3582689780143
18.53333333333333,94.946268222306
18.55,96.4336221977427
18.566666666666666,97.8305822590164
18.583333333333332,99.1291847761735
18.6,100.344410559971
18.616666666666667,101.473041838717
18.633333333333333,102.517324397023
18.65,103.499773148201
18.666666666666668,104.42598078664
18.683333333333334,105.291142559923
18.7,106.102106328267
18.716666666666665,106.86958270399
18.733333333333334,107.582401632928
18.75,108.214193171391
18.766666666666666,108.764802035328
18.78333333333333,109.234504041134
18.8,109.597474480276
18.816666666666666,109.840562140361
18.833333333333332,109.976684552154
18.85,110.018994798998
18.866666666666667,109.946667748832
18.883333333333333,109.780630353196
18.9,109.596690270416
18.916666666666668,109.410674546983
18.933333333333334,109.206713680983
18.95,109.012992794953
18.966666666666665,108.840689060686
18.983333333333334,108.67858328513
19.0,108.521267903943
19.016666666666666,108.371631084313
19.03333333333333,108.226773798563
19.05,108.072547605056
19.066666666666666,107.901550784438
19.083333333333332,107.720991578835
19.1,107.538723955137
19.116666666666667,107.362629436076
19.133333333333333,107.185115325172
19.15,106.990866230122
19.166666666666668,106.776080657468
19.183333333333334,106.544595753174
19.2,106.292238503536
19.216666666666665,106.026513092236
19.233333333333334,105.739490791937
19.25,105.40408661988
19.266666666666666,105.043345451964
19.28333333333333,104.635466742026
19.3,104.086330858225
19.316666666666666,103.351156303157
19.333333333333332,102.475558125965
19.35,101.499875669054
19.366666666666667,100.407986480968
19.383333333333333,99.215189974977
19.4,98.007789937459
19.416666666666668,96.8064618376912
19.433333333333334,95.5886569708
19.45,94.3775798222385
19.466666666666665,93.1841918055137
19.483333333333334,92.0014420649509
19.5,90.8255942263998
19.516666666666666,89.696582438541
19.53333333333333,88.5729705776872
19.55,87.3271962486594
19.566666666666666,85.9168791380677
19.583333333333332,84.3841221932234
19.6,82.728467366581
19.616666666666667,80.937871852237
19.633333333333333,79.0244778780473
19.65,77.0252577137417
19.666666666666668,74.9352649796247
19.683333333333334,72.7629369250688
19.7,70.5661070729056
19.716666666666665,68.3911350753995
19.733333333333334,66.19289246132
19.75,63.891873163081
19.766666666666666,61.4016469159163
19.78333333333333,58.8144383838068
19.8,56.31304347071
19.816666666666666,53.964158143737
19.833333333333332,51.6904402419168
19.85,49.4550985862843
19.866666666666667,47.2427477722954
19.883333333333333,45.0704231491036
19.9,42.9548532016462
19.916666666666668,40.8875597829749
19.933333333333334,38.8848645038902
19.95,36.9916641448524
19.966666666666665,35.2223899234123
19.983333333333334,33.5478226044965
20.0,31.9457004974872
20.016666666666666,30.4819866913717
20.03333333333333,29.0954238744001
20.05,27.5806837401686
20.066666666666666,25.8080797869732
20.083333333333332,23.9101019679041
20.1,22.0741046839773
20.116666666666667,20.3956424695777
20.133333333333333,18.7748621037967
20.15,17.107169632576
20.166666666666668,15.2691925302506
20.183333333333334,13.3906415134436
20.2,11.7425230188336
20.216666666666665,10.4517916773458
20.233333333333334,9.38470942637838
20.25,8.41715979900475
20.266666666666666,7.54686148451635
20.28333333333333,6.78075886904167
20.3,6.0058973198201
20.316666666666666,5.16930414302281
20.333333333333332,4.32026323809663
20.35,3.49522183356704
20.366666666666667,2.71279008207106
20.383333333333333,1.95193086717341
20.4,1.19049324570352
20.416666666666668,0.405681998419972
20.433333333333334,-0.380646242330203
20.45,-1.120312291547
20.466666666666665,-1.8147837883843
20.483333333333334,-2.45854461761104
20.5,-2.99247732668454
20.516666666666666,-3.37965615587302
20.53333333333333,-3.65791973506826
20.55,-3.88095794293094
20.566666666666666,-4.06206210220588
20.583333333333332,-4.1868778307004
20.6,-4.26751768265348
20.616666666666667,-4.29842236491161
20.633333333333333,-4.28546216331074
20.65,-4.2581921923425
20.666666666666668,-4.22027185538037
20.683333333333334,-4.16811190512295
20.7,-4.12029742694342
20.716666666666665,-4.08591613555251
20.733333333333334,-4.0558174927243
20.75,-4.02122109385576
20.766666666666666,-3.97869987123878
20.78333333333333,-3.93164177295415
20.8,-3.88151161863393
20.816666666666666,-3.82623683179022
20.833333333333332,-3.767869051135
20.85,-3.71407745970489
20.866666666666667,-3.66744266306789
20.883333333333333,-3.62535828225933
20.9,-3.58772151822914
20.916666666666668,-3.55668806886321
20.933333333333334,-3.530112051994
20.95,-3.50145292289702
20.966666666666665,-3.46661016296859
20.983333333333334,-3.42969711196147
21.0,-3.39649995332435
21.016666666666666,-3.37131385305095
21.03333333333333,-3.34986125480005
21.05,-3.32507008095685
21.066666666666666,-3.29431734055352
21.083333333333332,-3.26023134065966
21.1,-3.223613076537
21.116666666666667,-3.18404611934588
21.133333333333333,-3.1419450230923
21.15,-3.09936116136429
21.166666666666668,-3.05431158722431
21.183333333333334,-3.00882028271566
21.2,-2.97091089897777
21.216666666666665,-2.94556911206808
21.233333333333334,-2.92776866251156
21.25,-2.91047610026108
21.266666666666666,-2.8919325439561
21.28333333333333,-2.87389792146453
21.3,-2.85461881181915
21.316666666666666,-2.83315114504963
21.333333333333332,-2.81043775104056
21.35,-2.78755462653897
21.366666666666667,-2.76557829280523
21.383333333333333,-2.74343311198091
21.4,-2.71896135822363
21.416666666666668,-2.6904431645622
21.433333333333334,-2.65960982388464
21.45,-2.62946727234923
21.466666666666665,-2.60022077933511
21.483333333333334,-2.57165713556809
21.5,-2.54613924589167
21.516666666666666,-2.52527064689381
21.53333333333333,-2.50744329134651
21.55,-2.49021167350666
21.566666666666666,-2.47285318720153
21.583333333333332,-2.45611059895201
21.6,-2.43972851582723
21.616666666666667,-2.42280982398798
21.633333333333333,-2.40623435585601
21.65,-2.39240230179587
21.666666666666668,-2.38280398606593
21.683333333333334,-2.37595251460421
21.7,-2.36978092055715
21.716666666666665,-2.36326111517265
21.733333333333334,-2.35740336815723
21.75,-2.35320596588884
21.766666666666666,-2.35315993685398
21.78333333333333,-2.35478778962455
21.8,-2.3516451703928
21.816666666666666,-2.34002302152808
21.833333333333332,-2.32362293480275
21.85,-2.30711325267369
21.866666666666667,-2.2917338647972
21.883333333333333,-2.27623246025543
21.9,-2.26154935761569
21.916666666666668,-2.24903536376094
21.933333333333334,-2.23738007689752
21.95,-2.22350759573039
21.966666666666665,-2.20412990332565
21.983333333333334,-2.18247481951334
22.0,-2.16523933442211
22.016666666666666,-2.15501838840103
22.03333333333333,-2.14926416189296
22.05,-2.14697584941606
22.066666666666666,-2.14859330624979
22.083333333333332,-2.15364480110958
22.1,-2.15976124203571
22.116666666666667,-2.16439455097921
22.133333333333333,-2.17011590187505
22.15,-2.18224660024896
22.166666666666668,-2.19804891485393
22.183333333333334,-2.22026048135455
22.2,-2.26241447688274
22.216666666666665,-2.33041124736367
22.233333333333334,-2.41835934101515
22.25,-2.52210761535614
22.266666666666666,-2.64294161348071
22.28333333333333,-2.77956886315831
22.3,-2.92399352603793
22.316666666666666,-3.08401261223272
22.333333333333332,-3.25192315734513
22.35,-3.39636919335334
22.366666666666667,-3.50543741108492
22.383333333333333,-3.5909028930814
22.4,-3.65686624940933
22.416666666666668,-3.69908602235876
22.433333333333334,-3.72184846443482
22.45,-3.74204919939287
22.466666666666665,-3.76452952636768
22.483333333333334,-3.78443924824132
22.5,-3.80412122560597
22.516666666666666,-3.82582058784278
22.53333333333333,-3.8472924578289
22.55,-3.86414847344657
22.566666666666666,-3.87433275281966
22.583333333333332,-3.87990079802061
22.6,-3.88263265854564
22.616666666666667,-3.88349796942615
22.633333333333333,-3.88152913051505
22.65,-3.8756056167828
22.666666666666668,-3.86240900542646
22.683333333333334,-3.84529312698092
22.7,-3.83310454577903
22.716666666666665,-3.83186760984361
22.733333333333334,-3.83553781512944
22.75,-3.83480125521518
22.766666666666666,-3.82686908663
22.78333333333333,-3.81452099879357
22.8,-3.7967693551609
22.816666666666666,-3.7733034195046
22.833333333333332,-3.74443235662339
22.85,-3.71009436277605
22.866666666666667,-3.66887165739346
22.883333333333333,-3.62219266156752
22.9,-3.57426370036788
22.916666666666668,-3.52472938213483
22.933333333333334,-3.47394999689329
22.95,-3.42719027574896
22.966666666666665,-3.38281898220367
22.983333333333334,-3.34245598714877
23.0,-3.31622395132472
23.016666666666666,-3.31346135148614
23.03333333333333,-3.32480511213297
23.05,-3.33231711044699
23.066666666666666,-3.34501029948701
23.083333333333332,-3.35387727857817
23.1,-3.31394630113864
23.116666666666667,-3.19781985053033
23.133333333333333,-3.03321813504882
23.15,-2.857621026905
23.166666666666668,-2.66048405570517
23.183333333333334,-2.45215954586355
23.2,-2.30108808171158
23.216666666666665,-2.23790919165615
23.233333333333334,-2.23181229181636
23.25,-2.2590765418477
23.266666666666666,-2.32602219557934
23.28333333333333,-2.42647047617905
23.3,-2.51791922120949
23.316666666666666,-2.59690134865391
23.333333333333332,-2.66687209721415
23.35,-2.69549536463278
23.366666666666667,-2.65982892538968
23.383333333333333,-2.58277726482601
23.4,-2.50071960147325
23.416666666666668,-2.41862365869541
23.433333333333334,-2.33160628540743
23.45,-2.26109644611003
23.466666666666665,-2.21426906587841
23.483333333333334,-2.18381411921466
23.5,-2.16933297761287
23.516666666666666,-2.17710596538345
23.53333333333333,-2.20104771749835
23.55,-2.22219119284995
23.566666666666666,-2.23186421869882
23.583333333333332,-2.23886572079891
23.6,-2.25037299879384
23.616666666666667,-2.27257380445077
23.633333333333333,-2.29967942568205
23.65,-2.32066108675704
23.666666666666668,-2.32836979720128
23.683333333333334,-2.3296253230614
23.7,-2.33407244031699
23.716666666666665,-2.35052471287288
23.733333333333334,-2.37000985271109
23.75,-2.37554932884295
23.766666666666666,-2.36351271444954
23.78333333333333,-2.33744234176477
23.8,-2.2909733645595
23.816666666666666,-2.21102979271782
23.833333333333332,-2.11033940658877
23.85,-2.02130933310301
23.866666666666667,-1.95628274365107
23.883333333333333,-1.90308339491758
23.9,-1.85743082054065
23.916666666666668,-1.8264584926523
23.933333333333334,-1.80305813595572
23.95,-1.76133621746109
23.966666666666665,-1.6917715005064
23.983333333333334,-1.60350290954615
24.0,-1.49848640722685
24.016666666666666,-1.37187135271465
24.03333333333333,-1.22832351401349
24.05,-1.08420099715388
24.066666666666666,-0.914816081640078
